Station_ID,City,Date,Vehicle_Type,Charging_Start_Time,Charging_End_Time,Energy_Consumed_kWh,Cost_INR,Payment_Method
ST001,Kolkata,2025-10-15,Car,12:14,13:57,96.2,962.0,UPI
ST002,Pune,2025-10-15,Bus,15:27,17:26,59.2,592.0,UPI
ST003,Hyderabad,2025-10-15,Car,11:29,12:08,59.8,598.0,Cash
ST004,Indore,2025-10-15,Bus,10:12,11:45,38.3,383.0,Cash
ST005,Indore,2025-10-15,Car,10:19,11:03,48.9,489.0,Card
ST006,Hyderabad,2025-10-15,Truck,08:21,09:40,95.6,956.0,UPI
ST007,Delhi,2025-10-15,Truck,06:04,08:44,77.9,779.0,Card
ST008,Indore,2025-10-15,Bike,09:48,11:27,62.2,622.0,Card
ST009,Jaipur,2025-10-15,Car,17:13,19:04,29.3,293.0,UPI
ST010,Pune,2025-10-15,Bus,20:38,23:36,35.1,351.0,UPI
ST011,Chennai,2025-10-15,Truck,18:18,18:54,3.2,32.0,UPI
ST012,Kolkata,2025-10-15,Bus,14:05,15:44,69.9,699.0,Cash
ST013,Hyderabad,2025-10-15,Car,07:37,10:10,85.8,858.0,Card
ST014,Mumbai,2025-10-15,Bike,07:57,09:27,77.4,774.0,UPI
ST015,Pune,2025-10-15,Bus,06:09,07:20,58.3,583.0,UPI
ST016,Bhopal,2025-10-15,Bus,16:05,18:35,81.1,811.0,UPI
ST017,Jaipur,2025-10-15,Car,12:45,15:29,55.9,559.0,UPI
ST018,Chennai,2025-10-15,Car,11:49,14:21,16.9,169.0,UPI
ST019,Chennai,2025-10-15,Bus,08:15,10:58,40.8,408.0,Cash
ST020,Kolkata,2025-10-15,Car,12:56,13:26,67.9,679.0,Cash
ST021,Kolkata,2025-10-15,Bus,17:25,19:46,32.4,324.0,Cash
ST022,Indore,2025-10-15,Bus,19:49,21:00,27.5,275.0,UPI
ST023,Mumbai,2025-10-15,Truck,15:43,17:25,80.8,808.0,Card
ST024,Jaipur,2025-10-15,Bus,10:10,11:55,49.5,495.0,Card
ST025,Pune,2025-10-15,Bus,08:33,10:45,98.4,984.0,Card
ST026,Chennai,2025-10-15,Car,12:41,13:35,99.8,998.0,Card
ST027,Ahmedabad,2025-10-15,Car,06:10,08:27,76.9,769.0,Cash
ST028,Hyderabad,2025-10-15,Bike,19:17,22:11,89.0,890.0,UPI
ST029,Bhopal,2025-10-15,Bike,19:49,20:42,86.4,864.0,Cash
ST030,Delhi,2025-10-15,Bike,16:05,16:56,64.9,649.0,UPI
ST031,Delhi,2025-10-15,Truck,07:50,10:24,87.3,873.0,Cash
ST032,Ahmedabad,2025-10-15,Bike,11:43,13:27,43.3,433.0,Card
ST033,Ahmedabad,2025-10-15,Bike,08:04,10:35,23.8,238.0,Cash
ST034,Kolkata,2025-10-15,Bike,18:40,21:34,21.9,219.0,UPI
ST035,Kolkata,2025-10-15,Bus,07:17,09:56,47.9,479.0,Card
ST036,Jaipur,2025-10-15,Car,20:09,22:35,56.9,569.0,Cash
ST037,Chennai,2025-10-15,Bike,08:14,09:17,50.9,509.0,Card
ST038,Mumbai,2025-10-15,Bike,12:02,13:46,46.3,463.0,UPI
ST039,Mumbai,2025-10-15,Bike,08:14,08:49,14.9,149.0,Card
ST040,Mumbai,2025-10-15,Bus,07:11,08:41,24.4,244.0,UPI
ST041,Indore,2025-10-15,Bus,08:10,10:50,45.7,457.0,Cash
ST042,Hyderabad,2025-10-15,Car,15:33,18:04,14.0,140.0,Card
ST043,Jaipur,2025-10-15,Bike,09:27,10:08,93.4,934.0,Card
ST044,Jaipur,2025-10-15,Truck,07:04,07:41,18.0,180.0,Card
ST045,Ahmedabad,2025-10-15,Car,19:35,22:01,26.0,260.0,Card
ST046,Delhi,2025-10-15,Bus,14:43,15:38,23.0,230.0,Card
ST047,Pune,2025-10-15,Truck,14:14,16:08,92.4,924.0,Card
ST048,Indore,2025-10-15,Truck,17:05,18:59,55.3,553.0,Cash
ST049,Bhopal,2025-10-15,Truck,19:56,21:24,88.4,884.0,Cash
ST050,Kolkata,2025-10-15,Truck,18:52,19:23,76.2,762.0,UPI
ST051,Kolkata,2025-10-15,Bus,18:46,20:07,12.0,120.0,Card
ST052,Hyderabad,2025-10-15,Truck,06:44,08:49,27.3,273.0,Cash
ST053,Hyderabad,2025-10-15,Car,14:45,16:08,35.6,356.0,UPI
ST054,Jaipur,2025-10-15,Car,15:07,16:26,8.3,83.0,Card
ST055,Kolkata,2025-10-15,Truck,13:10,13:54,74.7,747.0,Cash
ST056,Bhopal,2025-10-15,Car,15:23,17:51,29.0,290.0,UPI
ST057,Ahmedabad,2025-10-15,Car,18:21,18:57,77.4,774.0,Cash
ST058,Pune,2025-10-15,Bus,06:50,09:45,86.4,864.0,UPI
ST059,Bhopal,2025-10-15,Car,15:58,17:48,73.7,737.0,Card
ST060,Indore,2025-10-15,Bus,06:12,06:54,71.5,715.0,Cash
ST061,Pune,2025-10-15,Bike,08:03,10:11,34.1,341.0,Card
ST062,Hyderabad,2025-10-15,Car,19:15,21:10,83.5,835.0,Card
ST063,Jaipur,2025-10-15,Car,11:09,13:49,70.4,704.0,Card
ST064,Chennai,2025-10-15,Truck,06:06,07:28,17.1,171.0,UPI
ST065,Jaipur,2025-10-15,Bus,20:23,23:20,56.8,568.0,UPI
ST066,Hyderabad,2025-10-15,Bus,16:25,19:03,88.4,884.0,Card
ST067,Indore,2025-10-15,Car,11:24,13:14,40.9,409.0,Cash
ST068,Bhopal,2025-10-15,Car,13:07,15:45,59.4,594.0,UPI
ST069,Kolkata,2025-10-15,Truck,06:00,08:35,66.2,662.0,Cash
ST070,Bhopal,2025-10-15,Bike,16:32,18:28,53.2,532.0,Cash
ST071,Hyderabad,2025-10-15,Bike,12:25,14:24,73.5,735.0,Cash
ST072,Ahmedabad,2025-10-15,Bus,13:32,14:52,50.5,505.0,Cash
ST073,Delhi,2025-10-15,Car,16:54,18:22,42.5,425.0,Card
ST074,Jaipur,2025-10-15,Bus,11:26,13:22,56.3,563.0,Cash
ST075,Kolkata,2025-10-15,Bus,20:46,21:35,29.6,296.0,UPI
ST076,Ahmedabad,2025-10-15,Bike,15:14,17:54,64.5,645.0,UPI
ST077,Mumbai,2025-10-15,Car,16:32,17:56,69.4,694.0,Card
ST078,Kolkata,2025-10-15,Truck,20:59,22:24,13.5,135.0,UPI
ST079,Ahmedabad,2025-10-15,Car,17:44,19:41,43.8,438.0,Card
ST080,Mumbai,2025-10-15,Truck,11:40,12:48,53.8,538.0,Cash
ST081,Kolkata,2025-10-15,Car,18:11,19:23,78.0,780.0,Cash
ST082,Ahmedabad,2025-10-15,Car,07:40,10:12,11.0,110.0,Card
ST083,Delhi,2025-10-15,Car,20:26,21:06,88.0,880.0,Card
ST084,Delhi,2025-10-15,Bike,08:58,10:31,74.4,744.0,Cash
ST085,Delhi,2025-10-15,Bus,08:55,11:25,68.5,685.0,UPI
ST086,Hyderabad,2025-10-15,Car,07:36,09:25,15.5,155.0,Cash
ST087,Ahmedabad,2025-10-15,Car,13:23,14:22,94.0,940.0,Cash
ST088,Chennai,2025-10-15,Truck,13:34,15:17,99.3,993.0,UPI
ST089,Indore,2025-10-15,Truck,18:15,20:31,82.4,824.0,Card
ST090,Jaipur,2025-10-15,Car,10:30,12:48,45.4,454.0,Card
ST091,Ahmedabad,2025-10-15,Bus,18:59,21:19,48.7,487.0,UPI
ST092,Hyderabad,2025-10-15,Bike,13:13,14:22,17.3,173.0,Cash
ST093,Jaipur,2025-10-15,Bus,16:31,19:15,93.4,934.0,Card
ST094,Mumbai,2025-10-15,Bike,12:39,13:36,38.0,380.0,Cash
ST095,Mumbai,2025-10-15,Truck,07:35,10:03,44.8,448.0,Card
ST096,Chennai,2025-10-15,Truck,13:33,14:36,26.6,266.0,Card
ST097,Ahmedabad,2025-10-15,Bus,18:45,21:35,8.6,86.0,UPI
ST098,Bhopal,2025-10-15,Bike,20:02,21:40,38.9,389.0,UPI
ST099,Bhopal,2025-10-15,Bike,11:57,14:08,68.9,689.0,UPI
ST100,Pune,2025-10-15,Truck,13:15,14:17,10.1,101.0,Card
ST101,Pune,2025-10-15,Bus,10:42,12:40,46.4,464.0,UPI
ST102,Hyderabad,2025-10-15,Truck,19:32,21:57,59.7,597.0,Cash
ST103,Indore,2025-10-15,Bike,10:06,11:23,67.9,679.0,Cash
ST104,Mumbai,2025-10-15,Truck,19:38,22:17,96.1,961.0,Cash
ST105,Hyderabad,2025-10-15,Bike,17:26,19:23,3.2,32.0,UPI
ST106,Hyderabad,2025-10-15,Bus,16:05,16:37,83.5,835.0,Card
ST107,Ahmedabad,2025-10-15,Truck,15:57,18:36,38.0,380.0,UPI
ST108,Ahmedabad,2025-10-15,Bike,10:47,13:33,42.6,426.0,Cash
ST109,Delhi,2025-10-15,Truck,18:45,21:01,74.3,743.0,Cash
ST110,Pune,2025-10-15,Car,14:19,15:36,38.3,383.0,UPI
ST111,Chennai,2025-10-15,Car,14:10,15:48,64.3,643.0,Cash
ST112,Ahmedabad,2025-10-15,Car,12:53,13:24,21.0,210.0,UPI
ST113,Indore,2025-10-15,Truck,15:29,17:21,73.2,732.0,UPI
ST114,Bhopal,2025-10-15,Bus,18:52,20:47,19.6,196.0,Cash
ST115,Bhopal,2025-10-15,Bike,06:59,09:09,24.1,241.0,Cash
ST116,Kolkata,2025-10-15,Truck,11:35,14:19,29.8,298.0,Card
ST117,Ahmedabad,2025-10-15,Bike,07:25,09:53,86.8,868.0,Card
ST118,Bhopal,2025-10-15,Truck,08:23,10:11,26.8,268.0,Card
ST119,Delhi,2025-10-15,Bike,11:04,13:36,97.4,974.0,Card
ST120,Ahmedabad,2025-10-15,Bus,10:03,12:35,44.6,446.0,Cash
ST121,Delhi,2025-10-15,Truck,06:45,07:15,50.9,509.0,UPI
ST122,Ahmedabad,2025-10-15,Car,16:17,18:30,73.3,733.0,Cash
ST123,Pune,2025-10-15,Truck,10:25,13:11,67.0,670.0,Cash
ST124,Jaipur,2025-10-15,Truck,08:16,09:26,59.8,598.0,Cash
ST125,Delhi,2025-10-15,Truck,18:06,20:15,82.5,825.0,Card
ST126,Jaipur,2025-10-15,Bike,07:14,08:38,91.9,919.0,Card
ST127,Bhopal,2025-10-15,Truck,08:11,10:30,44.6,446.0,Card
ST128,Delhi,2025-10-15,Truck,11:47,14:24,49.5,495.0,Cash
ST129,Bhopal,2025-10-15,Bus,08:01,09:09,79.4,794.0,UPI
ST130,Delhi,2025-10-15,Truck,12:35,14:26,43.3,433.0,Cash
ST131,Mumbai,2025-10-15,Bus,11:30,12:49,43.8,438.0,UPI
ST132,Bhopal,2025-10-15,Bike,07:07,08:59,69.5,695.0,UPI
ST133,Mumbai,2025-10-15,Bike,17:42,20:19,44.1,441.0,Card
ST134,Hyderabad,2025-10-15,Bike,09:02,11:57,35.8,358.0,Cash
ST135,Mumbai,2025-10-15,Truck,15:46,16:31,94.2,942.0,UPI
ST136,Mumbai,2025-10-15,Bus,18:03,19:25,63.6,636.0,UPI
ST137,Bhopal,2025-10-15,Bus,15:00,17:37,49.4,494.0,Cash
ST138,Hyderabad,2025-10-15,Truck,07:00,08:55,28.7,287.0,UPI
ST139,Delhi,2025-10-15,Bus,12:06,13:44,87.8,878.0,Card
ST140,Indore,2025-10-15,Truck,08:24,08:59,29.4,294.0,Cash
ST141,Jaipur,2025-10-15,Truck,08:01,09:41,72.5,725.0,Card
ST142,Bhopal,2025-10-15,Bike,15:04,16:03,26.3,263.0,UPI
ST143,Hyderabad,2025-10-15,Truck,17:54,18:52,93.1,931.0,Card
ST144,Bhopal,2025-10-15,Car,06:50,07:56,49.1,491.0,UPI
ST145,Kolkata,2025-10-15,Bus,11:02,12:07,66.1,661.0,UPI
ST146,Jaipur,2025-10-15,Bike,20:17,20:54,12.9,129.0,Cash
ST147,Mumbai,2025-10-15,Bus,17:27,20:19,26.3,263.0,Cash
ST148,Indore,2025-10-15,Bus,06:32,08:45,32.3,323.0,Card
ST149,Indore,2025-10-15,Car,15:19,17:20,31.4,314.0,Cash
ST150,Hyderabad,2025-10-15,Bus,19:54,21:26,29.9,299.0,Card
ST151,Indore,2025-10-15,Truck,06:43,07:55,56.6,566.0,Card
ST152,Bhopal,2025-10-15,Bus,19:06,20:58,54.1,541.0,Card
ST153,Chennai,2025-10-15,Bus,06:51,08:52,53.2,532.0,UPI
ST154,Pune,2025-10-15,Bike,15:51,17:19,51.6,516.0,Cash
ST155,Indore,2025-10-15,Car,15:49,18:27,11.3,113.0,Cash
ST156,Chennai,2025-10-15,Truck,08:06,08:47,71.5,715.0,Cash
ST157,Delhi,2025-10-15,Car,18:55,20:34,31.4,314.0,Cash
ST158,Jaipur,2025-10-15,Bike,16:18,18:55,54.2,542.0,UPI
ST159,Indore,2025-10-15,Truck,10:08,12:46,26.1,261.0,UPI
ST160,Mumbai,2025-10-15,Bus,14:56,16:52,9.3,93.0,UPI
ST161,Delhi,2025-10-15,Bike,11:35,13:33,45.3,453.0,Cash
ST162,Indore,2025-10-15,Car,19:11,21:35,9.4,94.0,Card
ST163,Ahmedabad,2025-10-15,Car,09:12,10:19,67.7,677.0,Cash
ST164,Indore,2025-10-15,Truck,17:59,18:31,64.3,643.0,UPI
ST165,Chennai,2025-10-15,Bike,19:52,21:38,8.3,83.0,UPI
ST166,Ahmedabad,2025-10-15,Bus,08:25,10:05,33.1,331.0,Card
ST167,Bhopal,2025-10-15,Bike,11:58,14:14,3.3,33.0,Cash
ST168,Kolkata,2025-10-15,Car,13:38,15:31,78.5,785.0,Cash
ST169,Mumbai,2025-10-15,Truck,16:12,16:47,25.6,256.0,Cash
ST170,Delhi,2025-10-15,Bus,06:28,07:48,11.1,111.0,UPI
ST171,Indore,2025-10-15,Bike,14:14,16:58,88.8,888.0,UPI
ST172,Jaipur,2025-10-15,Car,13:55,15:08,10.4,104.0,Cash
ST173,Bhopal,2025-10-15,Car,11:01,12:38,74.4,744.0,UPI
ST174,Delhi,2025-10-15,Car,10:04,12:29,75.3,753.0,UPI
ST175,Delhi,2025-10-15,Bus,19:57,22:21,97.4,974.0,Cash
ST176,Bhopal,2025-10-15,Car,17:14,18:10,29.2,292.0,UPI
ST177,Jaipur,2025-10-15,Bike,09:43,11:05,90.5,905.0,UPI
ST178,Mumbai,2025-10-15,Car,20:06,21:58,27.3,273.0,Cash
ST179,Kolkata,2025-10-15,Truck,10:51,11:51,51.6,516.0,Card
ST180,Delhi,2025-10-15,Bike,14:50,15:32,22.3,223.0,Card
ST181,Ahmedabad,2025-10-15,Car,07:13,09:49,73.5,735.0,Cash
ST182,Mumbai,2025-10-15,Bus,17:37,18:27,31.9,319.0,Card
ST183,Chennai,2025-10-15,Truck,17:59,18:38,56.7,567.0,Cash
ST184,Hyderabad,2025-10-15,Car,14:07,14:44,7.1,71.0,UPI
ST185,Delhi,2025-10-15,Truck,14:13,17:09,79.5,795.0,Card
ST186,Indore,2025-10-15,Car,14:28,16:20,47.2,472.0,Cash
ST187,Hyderabad,2025-10-15,Bike,20:43,21:47,10.5,105.0,UPI
ST188,Mumbai,2025-10-15,Bus,13:31,15:50,13.8,138.0,UPI
ST189,Ahmedabad,2025-10-15,Car,18:28,19:32,3.4,34.0,UPI
ST190,Chennai,2025-10-15,Car,14:58,16:19,40.6,406.0,Card
ST191,Bhopal,2025-10-15,Car,06:11,08:02,73.3,733.0,Card
ST192,Delhi,2025-10-15,Bike,20:12,22:12,23.9,239.0,UPI
ST193,Mumbai,2025-10-15,Bus,15:02,16:18,74.8,748.0,Cash
ST194,Hyderabad,2025-10-15,Bike,17:15,18:05,76.4,764.0,UPI
ST195,Mumbai,2025-10-15,Bike,10:50,12:20,26.6,266.0,Card
ST196,Pune,2025-10-15,Bike,07:35,10:29,80.0,800.0,UPI
ST197,Ahmedabad,2025-10-15,Bike,12:41,14:25,4.0,40.0,Card
ST198,Delhi,2025-10-15,Bike,17:40,18:40,11.0,110.0,UPI
ST199,Jaipur,2025-10-15,Truck,15:32,16:02,83.1,831.0,Cash
ST200,Mumbai,2025-10-15,Car,18:11,19:17,63.2,632.0,UPI
ST201,Jaipur,2025-10-15,Bike,19:06,20:08,56.9,569.0,UPI
ST202,Hyderabad,2025-10-15,Bus,09:10,10:45,97.1,971.0,UPI
ST203,Hyderabad,2025-10-15,Bike,10:54,13:54,16.5,165.0,UPI
ST204,Chennai,2025-10-15,Truck,11:26,14:09,5.1,51.0,UPI
ST205,Jaipur,2025-10-15,Truck,08:41,09:12,48.2,482.0,Card
ST206,Pune,2025-10-15,Bus,11:37,14:00,63.4,634.0,Cash
ST207,Jaipur,2025-10-15,Car,11:59,12:55,57.3,573.0,Card
ST208,Kolkata,2025-10-15,Truck,15:44,16:16,57.7,577.0,UPI
ST209,Hyderabad,2025-10-15,Car,09:48,11:44,97.4,974.0,Card
ST210,Indore,2025-10-15,Car,20:38,21:19,10.0,100.0,UPI
ST211,Ahmedabad,2025-10-15,Truck,18:05,20:04,97.2,972.0,Cash
ST212,Pune,2025-10-15,Bus,16:57,18:20,38.2,382.0,Card
ST213,Kolkata,2025-10-15,Bike,16:49,17:23,65.3,653.0,Card
ST214,Jaipur,2025-10-15,Bus,12:26,13:09,31.3,313.0,Card
ST215,Chennai,2025-10-15,Car,18:21,19:09,95.8,958.0,Cash
ST216,Pune,2025-10-15,Car,11:50,13:33,13.2,132.0,Cash
ST217,Indore,2025-10-15,Bike,20:48,22:17,88.8,888.0,Cash
ST218,Chennai,2025-10-15,Bike,07:27,08:28,66.2,662.0,UPI
ST219,Bhopal,2025-10-15,Bike,12:10,13:00,96.2,962.0,Cash
ST220,Pune,2025-10-15,Car,18:48,20:57,96.8,968.0,UPI
ST221,Indore,2025-10-15,Car,16:22,18:09,14.3,143.0,UPI
ST222,Chennai,2025-10-15,Car,17:55,20:12,37.6,376.0,Cash
ST223,Bhopal,2025-10-15,Car,14:45,17:10,30.5,305.0,Cash
ST224,Kolkata,2025-10-15,Bike,19:29,22:13,55.2,552.0,Cash
ST225,Ahmedabad,2025-10-15,Bus,07:56,09:41,25.3,253.0,UPI
ST226,Pune,2025-10-15,Truck,13:41,16:34,98.7,987.0,Cash
ST227,Bhopal,2025-10-15,Bike,12:21,14:06,47.4,474.0,Card
ST228,Ahmedabad,2025-10-15,Truck,11:40,14:36,63.7,637.0,Card
ST229,Indore,2025-10-15,Car,20:38,23:08,41.7,417.0,Cash
ST230,Indore,2025-10-15,Car,07:59,10:30,96.6,966.0,Card
ST231,Kolkata,2025-10-15,Bus,06:51,09:19,78.3,783.0,UPI
ST232,Kolkata,2025-10-15,Bus,18:26,20:57,70.8,708.0,Cash
ST233,Delhi,2025-10-15,Truck,19:19,22:00,82.6,826.0,UPI
ST234,Kolkata,2025-10-15,Car,20:51,21:51,18.4,184.0,Card
ST235,Indore,2025-10-15,Bus,06:28,09:27,77.9,779.0,Cash
ST236,Delhi,2025-10-15,Bike,15:38,16:54,95.3,953.0,Cash
ST237,Ahmedabad,2025-10-15,Car,15:23,17:43,58.3,583.0,Cash
ST238,Bhopal,2025-10-15,Truck,14:38,17:02,53.8,538.0,Card
ST239,Chennai,2025-10-15,Truck,13:28,15:54,36.0,360.0,UPI
ST240,Chennai,2025-10-15,Car,10:00,12:48,44.4,444.0,Card
ST241,Pune,2025-10-15,Car,09:07,11:13,70.7,707.0,UPI
ST242,Bhopal,2025-10-15,Bike,17:25,19:41,34.3,343.0,Cash
ST243,Jaipur,2025-10-15,Car,08:03,10:39,99.5,995.0,UPI
ST244,Delhi,2025-10-15,Truck,16:40,19:18,20.1,201.0,Cash
ST245,Kolkata,2025-10-15,Bus,12:31,14:33,34.6,346.0,UPI
ST246,Indore,2025-10-15,Bus,06:12,07:44,24.5,245.0,UPI
ST247,Indore,2025-10-15,Truck,19:04,20:00,97.2,972.0,Cash
ST248,Jaipur,2025-10-15,Car,07:32,09:35,84.4,844.0,UPI
ST249,Ahmedabad,2025-10-15,Truck,08:27,10:29,36.0,360.0,UPI
ST250,Pune,2025-10-15,Truck,10:21,12:40,91.2,912.0,UPI
ST251,Pune,2025-10-15,Car,14:56,17:00,12.6,126.0,Card
ST252,Indore,2025-10-15,Bike,13:11,13:45,42.5,425.0,UPI
ST253,Kolkata,2025-10-15,Car,13:37,14:43,12.5,125.0,Card
ST254,Jaipur,2025-10-15,Bike,14:54,16:55,78.0,780.0,UPI
ST255,Bhopal,2025-10-15,Bus,08:07,09:49,31.7,317.0,UPI
ST256,Delhi,2025-10-15,Car,10:28,12:11,81.5,815.0,UPI
ST257,Chennai,2025-10-15,Bike,13:54,14:44,57.0,570.0,Cash
ST258,Chennai,2025-10-15,Truck,08:56,11:32,43.2,432.0,Cash
ST259,Jaipur,2025-10-15,Truck,14:57,15:44,79.2,792.0,Cash
ST260,Pune,2025-10-15,Bus,15:48,16:32,24.3,243.0,Cash
ST261,Pune,2025-10-15,Bike,11:30,13:21,27.7,277.0,Cash
ST262,Ahmedabad,2025-10-15,Car,19:58,22:11,59.1,591.0,Card
ST263,Delhi,2025-10-15,Bike,15:26,17:23,37.7,377.0,Card
ST264,Jaipur,2025-10-15,Car,14:28,16:00,25.1,251.0,Card
ST265,Ahmedabad,2025-10-15,Bus,13:22,13:59,41.8,418.0,Card
ST266,Hyderabad,2025-10-15,Car,16:32,19:25,18.8,188.0,Card
ST267,Jaipur,2025-10-15,Truck,08:56,11:48,13.0,130.0,Card
ST268,Indore,2025-10-15,Truck,12:41,15:31,58.4,584.0,Cash
ST269,Ahmedabad,2025-10-15,Car,16:17,18:21,11.8,118.0,Cash
ST270,Jaipur,2025-10-15,Truck,10:27,12:26,29.4,294.0,Card
ST271,Delhi,2025-10-15,Bus,07:53,09:33,77.2,772.0,UPI
ST272,Pune,2025-10-15,Car,18:19,19:33,50.0,500.0,Card
ST273,Indore,2025-10-15,Truck,18:26,19:44,74.1,741.0,Cash
ST274,Hyderabad,2025-10-15,Car,08:31,10:19,16.2,162.0,UPI
ST275,Ahmedabad,2025-10-15,Bike,20:33,22:19,18.1,181.0,Card
ST276,Kolkata,2025-10-15,Bus,17:56,18:54,55.5,555.0,Cash
ST277,Jaipur,2025-10-15,Bike,18:57,21:15,17.9,179.0,Cash
ST278,Mumbai,2025-10-15,Car,14:55,17:16,44.0,440.0,UPI
ST279,Mumbai,2025-10-15,Car,16:41,17:32,96.5,965.0,Cash
ST280,Jaipur,2025-10-15,Bus,06:13,08:11,11.6,116.0,Card
ST281,Ahmedabad,2025-10-15,Car,19:47,22:00,13.3,133.0,Card
ST282,Bhopal,2025-10-15,Truck,19:20,22:04,75.0,750.0,UPI
ST283,Jaipur,2025-10-15,Bus,16:00,16:57,35.7,357.0,UPI
ST284,Jaipur,2025-10-15,Bike,14:12,14:51,75.5,755.0,Cash
ST285,Kolkata,2025-10-15,Bus,08:24,11:01,15.0,150.0,Card
ST286,Ahmedabad,2025-10-15,Bus,14:22,16:24,26.7,267.0,UPI
ST287,Hyderabad,2025-10-15,Car,17:17,20:12,67.6,676.0,UPI
ST288,Chennai,2025-10-15,Truck,12:14,13:06,72.3,723.0,Cash
ST289,Hyderabad,2025-10-15,Car,07:29,09:06,13.4,134.0,Card
ST290,Indore,2025-10-15,Bus,07:26,08:45,27.9,279.0,UPI
ST291,Chennai,2025-10-15,Bus,12:19,13:21,84.4,844.0,Cash
ST292,Bhopal,2025-10-15,Bus,18:05,18:56,62.8,628.0,Cash
ST293,Hyderabad,2025-10-15,Truck,18:35,19:22,80.7,807.0,Cash
ST294,Pune,2025-10-15,Car,19:39,21:15,66.6,666.0,Card
ST295,Kolkata,2025-10-15,Bus,19:01,19:31,81.9,819.0,UPI
ST296,Jaipur,2025-10-15,Bike,15:21,17:28,85.4,854.0,Cash
ST297,Jaipur,2025-10-15,Car,14:46,17:30,89.4,894.0,Cash
ST298,Chennai,2025-10-15,Truck,11:36,13:45,47.4,474.0,UPI
ST299,Delhi,2025-10-15,Bus,11:39,12:39,72.9,729.0,UPI
ST300,Ahmedabad,2025-10-15,Car,10:51,11:45,75.9,759.0,Card
ST301,Jaipur,2025-10-15,Truck,15:01,16:23,45.2,452.0,Card
ST302,Ahmedabad,2025-10-15,Bike,13:32,14:21,98.9,989.0,Card
ST303,Delhi,2025-10-15,Car,15:28,17:19,50.1,501.0,Card
ST304,Jaipur,2025-10-15,Truck,12:51,14:36,32.1,321.0,Card
ST305,Bhopal,2025-10-15,Bike,16:21,17:03,24.4,244.0,Card
ST306,Kolkata,2025-10-15,Bike,20:13,23:00,75.0,750.0,Cash
ST307,Delhi,2025-10-15,Bike,06:49,09:11,30.0,300.0,Card
ST308,Ahmedabad,2025-10-15,Truck,17:56,20:26,7.0,70.0,Cash
ST309,Mumbai,2025-10-15,Bus,09:45,10:28,44.4,444.0,Cash
ST310,Bhopal,2025-10-15,Car,17:57,19:48,62.8,628.0,Cash
ST311,Hyderabad,2025-10-15,Car,11:33,14:12,37.5,375.0,Cash
ST312,Bhopal,2025-10-15,Bus,18:23,20:39,82.8,828.0,Card
ST313,Delhi,2025-10-15,Bus,07:11,08:56,99.2,992.0,UPI
ST314,Pune,2025-10-15,Bike,16:52,19:35,87.6,876.0,Card
ST315,Bhopal,2025-10-15,Bus,20:06,22:54,51.2,512.0,Cash
ST316,Delhi,2025-10-15,Car,08:42,10:27,88.0,880.0,Card
ST317,Indore,2025-10-15,Car,15:34,17:45,25.8,258.0,UPI
ST318,Delhi,2025-10-15,Truck,16:19,17:45,99.5,995.0,UPI
ST319,Bhopal,2025-10-15,Car,07:56,09:04,65.8,658.0,Cash
ST320,Jaipur,2025-10-15,Truck,10:25,12:36,72.4,724.0,UPI
ST321,Kolkata,2025-10-15,Bike,09:04,09:54,93.6,936.0,Cash
ST322,Jaipur,2025-10-15,Car,17:24,20:08,45.1,451.0,Card
ST323,Bhopal,2025-10-15,Car,11:17,12:57,64.9,649.0,UPI
ST324,Kolkata,2025-10-15,Car,10:16,10:57,11.1,111.0,Cash
ST325,Ahmedabad,2025-10-15,Bus,18:34,19:13,19.0,190.0,Card
ST326,Bhopal,2025-10-15,Car,14:40,16:20,37.8,378.0,Card
ST327,Bhopal,2025-10-15,Bus,06:44,07:43,34.7,347.0,Card
ST328,Jaipur,2025-10-15,Bus,09:49,10:59,43.8,438.0,Cash
ST329,Indore,2025-10-15,Bike,06:20,07:38,65.3,653.0,Cash
ST330,Kolkata,2025-10-15,Bus,06:34,08:04,44.2,442.0,UPI
ST331,Pune,2025-10-15,Truck,08:14,10:00,78.1,781.0,UPI
ST332,Kolkata,2025-10-15,Bus,16:25,17:44,89.3,893.0,Cash
ST333,Jaipur,2025-10-15,Bike,10:42,13:28,30.3,303.0,UPI
ST334,Pune,2025-10-15,Bike,15:03,17:20,53.1,531.0,Card
ST335,Jaipur,2025-10-15,Bike,20:42,23:10,90.1,901.0,Cash
ST336,Indore,2025-10-15,Truck,17:53,20:50,76.9,769.0,UPI
ST337,Ahmedabad,2025-10-15,Car,15:32,17:30,27.1,271.0,UPI
ST338,Pune,2025-10-15,Truck,18:24,19:02,40.6,406.0,Card
ST339,Hyderabad,2025-10-15,Car,13:51,15:38,90.8,908.0,UPI
ST340,Mumbai,2025-10-15,Truck,13:39,14:15,23.3,233.0,Cash
ST341,Ahmedabad,2025-10-15,Car,13:15,15:07,8.0,80.0,Card
ST342,Delhi,2025-10-15,Bike,18:32,19:27,47.0,470.0,UPI
ST343,Bhopal,2025-10-15,Truck,10:24,11:34,78.4,784.0,UPI
ST344,Pune,2025-10-15,Truck,07:21,08:11,49.6,496.0,Cash
ST345,Jaipur,2025-10-15,Truck,09:53,10:53,33.7,337.0,Cash
ST346,Mumbai,2025-10-15,Bus,14:53,16:36,99.6,996.0,Card
ST347,Hyderabad,2025-10-15,Bike,13:24,15:24,13.9,139.0,Cash
ST348,Bhopal,2025-10-15,Bus,20:08,21:08,89.9,899.0,Card
ST349,Bhopal,2025-10-15,Truck,07:59,10:31,98.5,985.0,UPI
ST350,Kolkata,2025-10-15,Car,19:54,22:40,89.5,895.0,Card
ST351,Indore,2025-10-15,Car,10:09,12:02,61.3,613.0,Cash
ST352,Kolkata,2025-10-15,Bike,09:48,10:48,47.9,479.0,Card
ST353,Mumbai,2025-10-15,Bus,15:35,16:05,99.3,993.0,Card
ST354,Mumbai,2025-10-15,Truck,10:53,13:45,62.1,621.0,Cash
ST355,Indore,2025-10-15,Bus,12:22,15:05,60.1,601.0,Card
ST356,Pune,2025-10-15,Car,07:26,08:04,15.1,151.0,UPI
ST357,Ahmedabad,2025-10-15,Bike,18:51,19:34,40.0,400.0,UPI
ST358,Ahmedabad,2025-10-15,Truck,15:22,16:23,83.1,831.0,UPI
ST359,Kolkata,2025-10-15,Truck,06:39,07:22,69.6,696.0,Card
ST360,Delhi,2025-10-15,Truck,16:36,19:09,69.8,698.0,Card
ST361,Pune,2025-10-15,Truck,09:04,09:50,62.2,622.0,Cash
ST362,Jaipur,2025-10-15,Truck,08:53,10:09,68.3,683.0,Cash
ST363,Indore,2025-10-15,Truck,19:18,19:56,16.5,165.0,UPI
ST364,Jaipur,2025-10-15,Bus,17:29,18:15,40.4,404.0,Cash
ST365,Ahmedabad,2025-10-15,Bike,16:13,17:04,76.6,766.0,Cash
ST366,Hyderabad,2025-10-15,Bike,09:29,11:36,49.2,492.0,Card
ST367,Kolkata,2025-10-15,Truck,18:13,18:49,67.8,678.0,UPI
ST368,Ahmedabad,2025-10-15,Car,18:19,20:25,89.4,894.0,Cash
ST369,Delhi,2025-10-15,Car,19:20,21:08,81.8,818.0,Cash
ST370,Bhopal,2025-10-15,Truck,09:27,11:29,56.2,562.0,UPI
ST371,Bhopal,2025-10-15,Bus,11:53,14:11,64.5,645.0,UPI
ST372,Kolkata,2025-10-15,Bus,06:28,07:09,59.2,592.0,UPI
ST373,Chennai,2025-10-15,Car,18:51,20:24,86.3,863.0,UPI
ST374,Kolkata,2025-10-15,Bike,18:15,20:42,78.8,788.0,Cash
ST375,Chennai,2025-10-15,Truck,15:17,17:24,46.6,466.0,UPI
ST376,Jaipur,2025-10-15,Bus,10:34,11:50,51.0,510.0,Cash
ST377,Chennai,2025-10-15,Car,06:01,08:19,33.4,334.0,Cash
ST378,Ahmedabad,2025-10-15,Car,16:47,19:26,35.6,356.0,Cash
ST379,Bhopal,2025-10-15,Bike,07:04,09:56,4.0,40.0,UPI
ST380,Delhi,2025-10-15,Truck,19:01,21:26,89.4,894.0,Card
ST381,Indore,2025-10-15,Car,09:43,12:03,4.2,42.0,Card
ST382,Pune,2025-10-15,Car,09:23,10:51,41.6,416.0,UPI
ST383,Chennai,2025-10-15,Bike,07:11,08:47,44.2,442.0,UPI
ST384,Pune,2025-10-15,Bus,13:06,13:50,92.5,925.0,Cash
ST385,Hyderabad,2025-10-15,Car,15:10,17:42,38.6,386.0,Card
ST386,Mumbai,2025-10-15,Truck,06:20,08:19,33.8,338.0,UPI
ST387,Kolkata,2025-10-15,Truck,09:45,10:58,31.4,314.0,Cash
ST388,Mumbai,2025-10-15,Truck,16:14,17:54,69.0,690.0,UPI
ST389,Kolkata,2025-10-15,Bike,18:06,19:58,96.5,965.0,UPI
ST390,Jaipur,2025-10-15,Truck,09:55,12:11,64.2,642.0,UPI
ST391,Mumbai,2025-10-15,Truck,16:31,17:53,37.2,372.0,Cash
ST392,Mumbai,2025-10-15,Bike,14:06,15:21,27.7,277.0,Cash
ST393,Jaipur,2025-10-15,Car,08:13,09:00,89.6,896.0,Card
ST394,Pune,2025-10-15,Truck,14:31,15:57,74.4,744.0,Cash
ST395,Hyderabad,2025-10-15,Bus,18:14,20:21,27.2,272.0,Card
ST396,Kolkata,2025-10-15,Bus,06:58,09:58,77.1,771.0,Card
ST397,Delhi,2025-10-15,Truck,12:30,13:18,21.9,219.0,Card
ST398,Indore,2025-10-15,Bus,07:56,10:41,12.1,121.0,Card
ST399,Delhi,2025-10-15,Bike,16:39,18:21,52.4,524.0,Cash
ST400,Indore,2025-10-15,Truck,11:01,11:50,48.1,481.0,Cash
ST401,Ahmedabad,2025-10-15,Bike,16:24,18:54,98.5,985.0,UPI
ST402,Jaipur,2025-10-15,Truck,13:32,14:47,10.3,103.0,Card
ST403,Chennai,2025-10-15,Bus,11:08,13:50,50.3,503.0,UPI
ST404,Delhi,2025-10-15,Car,17:47,20:23,69.3,693.0,UPI
ST405,Kolkata,2025-10-15,Bus,16:59,19:38,82.1,821.0,Card
ST406,Indore,2025-10-15,Bike,14:51,16:00,23.9,239.0,UPI
ST407,Pune,2025-10-15,Car,18:23,20:10,61.5,615.0,Cash
ST408,Mumbai,2025-10-15,Truck,08:40,10:32,27.1,271.0,Card
ST409,Jaipur,2025-10-15,Truck,20:54,22:52,76.3,763.0,Cash
ST410,Chennai,2025-10-15,Car,14:14,15:49,27.4,274.0,UPI
ST411,Pune,2025-10-15,Bike,14:10,15:28,19.2,192.0,Cash
ST412,Pune,2025-10-15,Truck,06:38,09:30,62.4,624.0,Card
ST413,Chennai,2025-10-15,Bus,19:39,20:22,11.0,110.0,UPI
ST414,Chennai,2025-10-15,Bike,09:04,11:46,14.4,144.0,Card
ST415,Jaipur,2025-10-15,Bike,08:37,09:47,30.0,300.0,Card
ST416,Jaipur,2025-10-15,Truck,14:24,15:45,22.1,221.0,Card
ST417,Kolkata,2025-10-15,Truck,19:37,20:30,81.7,817.0,Cash
ST418,Indore,2025-10-15,Car,08:41,09:39,7.8,78.0,Card
ST419,Hyderabad,2025-10-15,Bike,15:26,16:10,16.7,167.0,Cash
ST420,Delhi,2025-10-15,Car,08:26,08:59,32.5,325.0,UPI
ST421,Delhi,2025-10-15,Car,17:51,20:50,73.2,732.0,Cash
ST422,Chennai,2025-10-15,Bike,17:29,19:32,49.6,496.0,Cash
ST423,Ahmedabad,2025-10-15,Truck,12:56,14:38,65.8,658.0,UPI
ST424,Ahmedabad,2025-10-15,Truck,17:19,18:05,8.7,87.0,Card
ST425,Jaipur,2025-10-15,Truck,06:58,07:57,88.7,887.0,Card
ST426,Ahmedabad,2025-10-15,Bike,06:18,08:50,84.2,842.0,Card
ST427,Chennai,2025-10-15,Car,13:21,14:52,28.5,285.0,Cash
ST428,Delhi,2025-10-15,Truck,06:20,07:30,99.3,993.0,Card
ST429,Mumbai,2025-10-15,Bus,07:34,08:21,90.3,903.0,UPI
ST430,Kolkata,2025-10-15,Bike,06:11,08:12,76.0,760.0,Card
ST431,Ahmedabad,2025-10-15,Bus,09:44,12:44,87.2,872.0,Cash
ST432,Mumbai,2025-10-15,Truck,06:55,07:44,13.2,132.0,Card
ST433,Jaipur,2025-10-15,Truck,06:56,08:44,69.4,694.0,UPI
ST434,Hyderabad,2025-10-15,Truck,19:49,22:01,77.4,774.0,Card
ST435,Mumbai,2025-10-15,Bus,09:09,10:34,38.4,384.0,Card
ST436,Hyderabad,2025-10-15,Truck,10:09,12:56,82.1,821.0,UPI
ST437,Chennai,2025-10-15,Truck,18:27,19:09,98.2,982.0,Card
ST438,Indore,2025-10-15,Truck,09:25,12:08,73.7,737.0,Card
ST439,Pune,2025-10-15,Bike,10:26,13:02,79.0,790.0,Card
ST440,Delhi,2025-10-15,Bike,18:24,20:09,41.8,418.0,UPI
ST441,Chennai,2025-10-15,Truck,17:23,19:35,99.9,999.0,Cash
ST442,Ahmedabad,2025-10-15,Truck,13:33,14:16,69.1,691.0,Card
ST443,Kolkata,2025-10-15,Bus,14:33,16:14,99.8,998.0,UPI
ST444,Pune,2025-10-15,Bike,14:35,16:28,37.3,373.0,Cash
ST445,Delhi,2025-10-15,Bus,19:14,20:16,97.5,975.0,Cash
ST446,Bhopal,2025-10-15,Bus,15:55,18:33,54.7,547.0,Cash
ST447,Chennai,2025-10-15,Bus,17:06,18:32,83.2,832.0,Card
ST448,Pune,2025-10-15,Bike,17:43,19:25,65.7,657.0,UPI
ST449,Delhi,2025-10-15,Bus,07:25,09:55,10.6,106.0,Cash
ST450,Mumbai,2025-10-15,Bike,08:14,10:31,79.6,796.0,UPI
ST451,Delhi,2025-10-15,Bus,17:20,19:35,86.9,869.0,Card
ST452,Delhi,2025-10-15,Bike,13:36,16:00,18.4,184.0,UPI
ST453,Hyderabad,2025-10-15,Bus,17:47,19:06,76.9,769.0,Cash
ST454,Pune,2025-10-15,Bike,06:24,07:09,69.4,694.0,Cash
ST455,Kolkata,2025-10-15,Bus,06:08,06:53,23.0,230.0,Card
ST456,Chennai,2025-10-15,Bike,14:50,16:14,73.4,734.0,Cash
ST457,Bhopal,2025-10-15,Bike,19:50,21:09,72.8,728.0,Cash
ST458,Ahmedabad,2025-10-15,Truck,11:21,13:36,17.9,179.0,UPI
ST459,Ahmedabad,2025-10-15,Bike,19:31,21:42,75.9,759.0,Card
ST460,Delhi,2025-10-15,Bike,10:42,11:38,60.0,600.0,UPI
ST461,Jaipur,2025-10-15,Bike,06:24,07:20,27.9,279.0,Cash
ST462,Delhi,2025-10-15,Car,13:30,15:13,65.9,659.0,Card
ST463,Ahmedabad,2025-10-15,Bus,19:13,19:59,40.4,404.0,UPI
ST464,Indore,2025-10-15,Truck,06:52,09:30,4.6,46.0,UPI
ST465,Kolkata,2025-10-15,Truck,17:23,19:32,18.9,189.0,Card
ST466,Bhopal,2025-10-15,Bike,10:31,12:40,4.9,49.0,Cash
ST467,Delhi,2025-10-15,Car,08:42,09:38,46.5,465.0,Cash
ST468,Bhopal,2025-10-15,Bus,07:33,10:01,43.8,438.0,UPI
ST469,Mumbai,2025-10-15,Bike,07:12,08:45,61.6,616.0,UPI
ST470,Indore,2025-10-15,Bike,19:17,21:37,67.1,671.0,Card
ST471,Pune,2025-10-15,Bus,06:31,09:08,23.2,232.0,Card
ST472,Hyderabad,2025-10-15,Bike,12:16,14:52,24.0,240.0,Card
ST473,Kolkata,2025-10-15,Truck,08:37,10:42,67.9,679.0,UPI
ST474,Hyderabad,2025-10-15,Truck,11:30,13:24,76.2,762.0,Card
ST475,Delhi,2025-10-15,Car,11:36,13:07,83.6,836.0,Card
ST476,Pune,2025-10-15,Bike,07:00,09:37,68.5,685.0,Cash
ST477,Kolkata,2025-10-15,Car,17:04,17:38,25.0,250.0,UPI
ST478,Ahmedabad,2025-10-15,Bike,14:19,15:20,35.0,350.0,Cash
ST479,Chennai,2025-10-15,Truck,11:21,13:13,33.1,331.0,UPI
ST480,Delhi,2025-10-15,Car,15:49,18:24,29.7,297.0,Card
ST481,Pune,2025-10-15,Car,07:50,10:32,64.8,648.0,Card
ST482,Chennai,2025-10-15,Bus,07:21,10:19,13.2,132.0,UPI
ST483,Bhopal,2025-10-15,Bike,07:06,10:05,77.1,771.0,Cash
ST484,Chennai,2025-10-15,Bus,16:24,17:48,94.4,944.0,Card
ST485,Hyderabad,2025-10-15,Car,13:17,14:47,48.8,488.0,UPI
ST486,Mumbai,2025-10-15,Bike,12:24,14:08,82.6,826.0,Cash
ST487,Mumbai,2025-10-15,Car,13:45,15:58,11.8,118.0,Card
ST488,Ahmedabad,2025-10-15,Bus,16:21,17:21,74.2,742.0,UPI
ST489,Ahmedabad,2025-10-15,Bus,10:33,11:28,21.2,212.0,Cash
ST490,Pune,2025-10-15,Bike,14:33,16:05,83.4,834.0,Card
ST491,Pune,2025-10-15,Truck,10:58,12:41,51.2,512.0,Cash
ST492,Chennai,2025-10-15,Car,07:59,10:49,20.0,200.0,UPI
ST493,Pune,2025-10-15,Truck,12:46,13:43,11.9,119.0,Card
ST494,Jaipur,2025-10-15,Car,17:18,18:52,18.4,184.0,UPI
ST495,Delhi,2025-10-15,Bike,14:24,15:42,30.9,309.0,UPI
ST496,Indore,2025-10-15,Bus,16:39,19:15,44.2,442.0,Cash
ST497,Ahmedabad,2025-10-15,Car,10:21,13:18,18.2,182.0,Card
ST498,Delhi,2025-10-15,Truck,16:55,18:21,30.8,308.0,Cash
ST499,Bhopal,2025-10-15,Truck,12:59,14:15,20.0,200.0,Card
ST500,Bhopal,2025-10-15,Bike,11:34,13:42,13.9,139.0,UPI
